id,target
0,0.45365176
2,1.1477759
3,0.13627747
9,0.4006923
11,0.15296486
12,0.16415834
21,0.33193514
22,0.9550386
27,0.5998678
29,0.4327821
30,0.62853694
35,0.70925754
42,0.19674811
43,0.3711575
45,0.49363917
46,0.41973856
47,1.0326202
51,0.40011346
58,0.6244489
60,0.5729363
69,0.64724994
70,0.78167045
72,1.014324
75,0.8490548
84,0.2661638
87,0.81695366
88,0.14693147
90,0.55959517
94,0.22171336
99,0.7401229
101,0.5570422
103,0.43347567
106,0.19995505
108,0.6769647
111,0.3588955
115,0.44210786
116,1.094481
122,0.25855988
123,0.12441044
124,0.43502113
125,0.26638365
127,0.51434344
140,0.53087175
142,0.3587099
147,0.2501778
148,0.2067874
150,0.29658884
152,0.2793832
154,0.6129965
155,0.22642952
166,0.9281368
167,0.29389575
169,0.41728762
177,0.87458843
179,0.5540169
181,0.09520376
186,0.8125547
188,0.35648313
189,0.66503435
192,0.2846463
200,0.6073784
202,0.50490004
206,0.22174233
207,0.3869007
214,0.4944469
217,0.33499235
223,0.27748492
224,0.27369177
227,1.1962926
228,0.2588341
230,0.35900515
233,0.38617584
234,0.36817917
236,0.418672
239,0.35142297
250,0.28649777
255,0.39219344
257,0.43605265
259,0.418955
275,0.4361521
278,1.415378
282,0.99170697
284,0.4280583
286,0.51627445
288,0.37539765
292,0.28943694
295,0.37156576
300,0.42972514
304,0.67828065
305,0.35267568
306,0.3598268
308,0.122027166
311,0.47089937
317,0.46395633
319,0.7312979
323,0.2572655
324,0.68812627
325,0.3536745
326,0.16401726
333,0.3235954
339,0.98686093
342,0.43720183
343,0.5368981
350,0.5947807
351,0.3138877
357,0.33565843
359,0.5118797
362,0.38452223
366,0.15498105
367,0.25847325
369,0.22267058
373,0.2408875
374,0.22405487
376,0.5011341
377,1.0013226
378,0.5713298
379,0.39069846
382,0.9078483
385,0.64720666
387,0.24961531
388,0.4883316
391,0.25975138
392,0.5888918
395,0.27108002
399,0.49247292
400,0.4420257
403,0.3889754
405,1.084086
408,0.59249455
411,0.6832497
414,0.35420766
416,0.42290878
417,0.28074142
422,0.783356
425,0.62922144
428,0.36519483
430,1.0180686
431,0.78105384
433,0.15469238
434,0.5217067
439,0.23809245
441,0.20852119
449,0.48297903
458,0.47516337
460,0.45749447
464,0.5556043
473,1.1153898
488,0.22336656
491,0.4522427
494,0.30026236
497,0.71008927
500,0.66069657
505,0.5635821
507,0.54586154
508,0.54878074
510,0.9400794
511,0.53219575
515,0.29925373
525,0.3452064
529,0.33853754
532,0.33708292
534,0.43330726
537,0.80201733
539,0.52199537
541,0.39766452
545,1.0743477
547,0.48758075
548,0.4798201
549,0.5151257
553,0.3541228
554,1.1340493
555,0.4321098
557,0.27816725
562,0.13780008
566,0.29798892
572,0.22594514
573,0.628003
582,0.35311684
586,0.17330971
587,0.43063274
590,0.71772045
591,0.2982603
593,0.5446912
595,0.26824313
596,0.90196407
597,0.65793294
601,0.29945388
602,0.33393684
605,0.35150042
610,0.28138015
616,0.5984449
618,0.3786055
620,0.35360578
626,0.5663479
627,0.27302384
629,0.29929918
632,0.98583776
634,0.36952236
639,0.82744443
645,0.2241123
647,0.30614904
648,0.29412526
650,1.1301873
663,0.41441157
666,0.3698979
668,0.2569811
670,0.20863158
673,0.62319547
676,0.270307
678,0.28999627
692,0.6429685
693,0.45454618
694,0.243096
695,0.557293
696,0.4205039
698,0.48573354
701,0.46105385
703,0.6533113
707,0.48648366
708,0.63288563
711,0.37658387
715,0.22644213
718,0.28654423
722,0.7193158
723,0.3201914
733,0.5933768
741,0.2061216
742,0.48539677
743,0.16437158
747,0.6010633
749,1.2404143
750,0.14699861
756,0.6503245
757,0.7378858
760,0.43350306
764,0.827812
765,0.20848647
766,0.36680382
768,0.4087144
769,0.40880784
771,0.48910543
772,0.3304783
776,0.307194
778,0.58977467
780,0.60172087
785,0.59538287
789,0.28294417
792,0.41812938
793,0.5209207
811,0.4850134
813,0.33104485
816,0.6105756
821,0.6635947
824,0.19150892
825,0.5689172
827,0.14544243
830,0.34882703
831,0.4615285
839,0.5727786
844,1.106617
847,0.2833262
850,0.43005672
854,0.34053746
855,0.16429189
858,0.2406525
861,1.1110232
862,0.27087578
865,0.37926495
869,0.34994164
879,0.94284993
880,0.3952544
887,0.43822232
889,0.9383835
897,0.46428415
900,1.3107855
901,0.2028934
904,0.2672123
908,1.1303827
909,0.38964826
910,0.33537614
913,0.44684514
914,0.48052573
917,0.47855088
918,0.55070484
920,0.4449946
922,0.23980397
924,0.53221357
925,0.5457486
927,0.26303804
933,0.20153275
937,0.3357024
943,0.9076363
949,0.57101333
950,0.3607885
954,0.34724337
966,0.5171257
967,0.28568956
969,0.25274903
970,0.3939842
973,0.18443188
975,0.30566123
980,0.25679663
988,0.28262198
989,1.1885216
995,0.44233733
1000,0.30044636
1003,0.32787344
1007,0.70328814
1011,0.32736436
1012,0.44468164
1013,0.9504856
1014,0.5144532
1016,0.35428163
1019,0.28048262
1025,0.78604406
1027,0.8822641
1028,0.26749972
1030,0.7661286
1033,0.33883473
1034,0.25709388
1039,0.42236003
1046,0.4306164
1047,0.49323747
1053,0.68826026
1055,0.3023333
1056,0.3135604
1059,0.43356746
1060,0.57360274
1063,0.601578
1064,0.2534053
1068,0.31826344
1076,0.43636382
1086,0.44933584
1087,0.26288316
1089,0.11179849
1092,0.17295387
1095,0.35682848
1096,1.2531888
1097,0.36013007
1100,0.5303832
1101,0.5186394
1107,0.189628
1108,0.82181567
1111,0.59976524
1115,0.5081885
1116,0.555158
1121,0.30653247
1125,0.3554064
1127,0.6226107
1131,0.75057155
1133,0.8047052
1135,0.8132296
1137,0.36099926
1140,0.2971525
1144,0.46670595
1147,0.5938764
1148,0.49878326
1150,0.2521092
1158,0.31437877
1159,0.43094385
1161,1.5178065
1163,0.23257777
1165,0.2762318
1169,0.46724784
1171,0.35800633
1172,0.5701378
1176,0.6151895
1180,1.1731629
1184,0.395151
1186,0.2642287
1187,0.43376842
1192,0.55876017
1193,0.31545976
1194,0.38090053
1197,0.5034433
1200,1.2871373
1205,0.49184504
1210,0.3531973
1216,0.32031453
1220,0.67672855
1231,1.0750754
1233,0.35073802
1246,0.31255382
1247,0.85570663
1248,0.40865377
1255,0.5812928
1256,0.69018346
1257,0.3203331
1258,0.66608065
1260,0.32294154
1261,0.38110676
1265,0.5313678
1266,0.25674555
1268,0.5547104
1274,0.6386156
1281,0.23459893
1285,0.17965293
1286,0.11145582
1291,0.6805609
1292,0.48508555
1295,0.38105085
1299,0.34077695
1306,0.29488277
1310,0.45499107
1311,0.22200349
1313,0.2703198
1314,0.49330246
1322,0.24890432
1323,0.34711078
1325,0.41948685
1329,0.48502326
1330,0.5555759
1333,0.6770556
1336,0.2669311
1339,0.90175265
1342,0.73461884
1344,0.56158954
1355,0.3516505
1357,0.56128675
1358,1.3330219
1359,1.233376
1364,0.5733641
1366,0.5087691
1367,0.63083845
1370,0.22145915
1373,0.3478467
1377,0.5749449
1386,0.5747608
1387,0.5215161
1392,0.5281351
1397,0.27273807
1398,0.49393263
1400,0.4543832
1403,0.8817491
1404,0.4451085
1410,1.1888747
1413,0.1647115
1416,0.99020654
1417,0.38880852
1423,0.17091379
1424,1.3255569
1426,1.4212596
1427,0.40105715
1428,0.9223864
1430,0.59809595
1434,0.58029914
1435,0.6165617
1437,0.38394818
1438,0.44015613
1442,0.73584074
1446,0.9731505
1451,0.14209813
1457,1.1920421
1461,0.4906281
1462,0.3458962
1465,1.0130663
1468,0.3298856
1469,0.42506996
1471,0.02694485
1476,1.2900096
1478,0.33599195
1481,0.79613847
1489,0.28466102
1490,0.27211943
1492,0.37633795
1496,0.3358315
1512,0.35219195
1516,0.32144758
1517,0.1504426
1528,0.5510028
1529,0.11344745
1536,0.23735407
1539,0.41866973
1541,0.4442182
1542,0.5331913
1548,0.55048853
1550,0.654627
1551,0.2922651
1552,0.34300172
1557,0.6062691
1563,0.45298317
1564,0.47279444
1565,0.35037872
1566,0.66058177
1571,0.09217936
1578,0.20419067
1581,0.28364813
1583,0.3537244
1584,0.5156719
1586,0.7303212
1589,0.32183042
1592,0.21675947
1598,0.55149186
1606,1.0214835
1612,0.60355407
1616,0.20711005
1620,0.62100273
1624,0.5953284
1629,0.32382795
1630,0.42801696
1635,0.55400974
1640,0.30704626
1641,0.6414203
1642,0.24984351
1651,0.39152405
1655,0.3161749
1656,0.33372083
1659,0.8126211
1664,0.2374396
1667,0.3075511
1668,0.39487302
1674,0.22842166
1678,0.38220644
1680,0.49216625
1681,0.20123443
1682,0.43813324
1685,0.3835265
1695,0.31861845
1696,0.24249676
1697,0.68223673
1704,0.35894743
1708,0.27675334
1711,0.4166618
1713,1.1200632
1714,0.118505284
1717,0.27940756
1729,0.6853669
1730,0.33094576
1732,0.4223759
1734,0.44399866
1736,0.22599548
1738,0.29454383
1742,0.8725738
1743,0.5005359
1746,0.45266455
1748,1.2553725
1749,0.6950781
1751,0.25286534
1758,0.2361336
1764,0.25451753
1765,0.7738363
1777,0.73274034
1778,0.97315043
1781,0.23881227
1782,0.2510971
1783,0.541096
1785,0.3145714
1788,0.76519954
1793,0.4353226
1794,0.688183
1795,0.28132418
1797,0.22362548
1800,1.0258188
1801,0.3935028
1805,0.331615
1806,0.39654842
1819,0.17262152
1820,0.7283195
1825,0.4928247
1828,0.37082738
1829,0.35850754
1830,0.28417167
1839,0.3167831
1843,0.22796556
1844,0.3763913
1846,0.61247534
1849,0.32353467
1850,0.79851073
1854,0.41469207
1855,0.77991515
1858,0.40185854
1859,0.4590871
1862,0.78165084
1867,0.41481853
1868,0.70696956
1871,0.44694814
1872,0.44812122
1874,0.44639942
1876,0.4340077
1879,0.5030606
1884,0.5320369
1891,0.477339
1894,0.44700414
1896,0.63605976
1902,0.38670865
1903,0.32033783
1904,0.6769647
1906,0.5843649
1907,0.4601013
1912,0.40892187
1913,0.09566213
1923,0.34093362
1926,0.33494434
1928,0.50697106
1930,0.45908773
1931,0.3590775
1934,0.44314662
1936,0.26354358
1944,0.9035586
1946,0.48788342
1947,0.5542932
1958,0.38860795
1964,1.0300742
1970,0.37919262
1974,0.31207687
1977,0.12893483
1978,0.5048813
1982,0.34485152
1984,0.635931
1988,0.67272013
1993,0.42845008
1997,0.27926633
1998,0.37664655
2002,0.33744386
2004,0.29281235
2005,0.24937475
2008,0.22449088
2011,0.60235614
2013,0.279793
2018,0.37055358
2021,0.7852108
2025,0.3868846
2029,0.44651976
2030,0.19167611
2032,0.72865766
2037,0.42093384
2041,0.40413103
2044,0.6504125
2048,0.28460506
2052,0.26726925
2053,0.7378401
2054,1.0535405
2062,0.32339826
2065,0.29366127
2066,0.32118312
2072,0.25326386
2079,0.26160064
2080,0.48978415
2085,0.3085596
2088,0.24180475
2090,0.2834034
2092,0.5501775
2093,0.36732873
2101,0.31924632
2104,0.70006585
2105,0.3575165
2106,0.33979008
2107,0.61807543
2120,1.3947084
2124,0.4082083
2127,0.99513894
2130,0.08036123
2132,0.27112415
2135,0.424492
2137,0.33718064
2140,0.23913097
2143,0.7486045
2147,0.41770652
2151,0.39026675
2152,0.68047565
2155,0.3238452
2156,0.51023245
2162,0.26587012
2165,0.42821762
2166,0.4334309
2167,0.35673428
2168,0.10507401
2170,1.0088185
2178,0.32491007
2180,0.5694192
2182,0.30369043
2184,0.4354578
2185,0.33561555
2187,0.4660254
2196,0.36029276
2197,0.20828635
2199,0.33756188
2200,0.36492795
2201,0.7378544
2202,0.36581704
2206,0.37097946
2208,0.4116452
2218,0.8616484
2223,0.27231184
2224,0.74199575
2226,0.30873492
2228,1.2300267
2232,0.3329641
2234,0.30893102
2243,0.44984028
2247,0.788809
2249,0.31515875
2252,0.7398295
2253,0.8330812
2259,0.34142265
2261,0.5677504
2264,0.2837251
2268,0.486662
2269,0.3128524
2270,0.4270732
2276,0.14688116
2283,0.50792444
2287,0.253278
2290,0.35229126
2291,0.39711624
2293,0.6594771
2295,0.2632509
2302,0.52163255
2305,0.15968856
2310,0.359929
2313,0.16757283
2316,0.5953605
2320,0.8125784
2322,1.0945837
2323,0.3548325
2326,0.50965345
2328,0.38558906
2331,0.6338388
2335,0.3066391
2338,0.38030073
2343,0.39697596
2344,0.8681429
2345,0.35009828
2353,0.5932097
2355,0.789245
2357,1.3087759
2360,0.27185017
2365,0.59095067
2369,1.4000158
2371,0.3332803
2378,0.36406726
2380,0.33923927
2381,0.58523655
2383,0.29954728
2384,0.54932225
2392,0.5076572
2393,0.24655381
2401,0.25057966
2403,1.2883997
2404,0.33641392
2405,0.43543836
2407,0.9400683
2411,0.4791455
2424,0.18648794
2426,0.8692644
2431,0.23292118
2433,1.1284854
2434,0.43005672
2436,0.15841046
2439,0.31357178
2444,0.48260647
2447,0.31051815
2448,0.39287487
2449,0.60689735
2450,0.31784806
2461,0.42892745
2469,0.3881941
2472,0.34082213
2473,0.45726696
2474,0.5847476
2477,0.37792906
2481,0.36069906
2484,0.20957568
2495,0.96108806
2503,0.18712053
2509,0.527197
2511,0.100583114
2518,0.48737356
2522,0.29877222
2525,0.8199053
2526,0.4205853
2529,1.2298665
2533,0.51740015
2549,0.7474346
2551,0.6250246
2558,0.8807295
2562,0.6127904
2563,0.6934394
2567,0.73498434
2574,0.89495033
2577,0.49042192
2578,0.58994627
2580,0.43819928
2581,0.46010402
2583,0.3007379
2584,0.59219474
2586,0.4563997
2589,0.29213935
2595,0.32489318
2596,0.4788603
2600,0.48336738
2601,0.404553
2607,0.2692811
2610,0.23688957
2613,0.3007613
2615,0.333609
2618,0.37037295
2620,0.8936332
2623,0.41749677
2626,0.22033286
2630,0.94197035
2634,0.6576869
2636,0.30406538
2638,0.8803225
2639,0.32762128
2646,0.71512336
2650,0.5481891
2652,0.40654644
2653,0.5320573
2654,0.44100884
2662,0.550965
2665,0.21617231
2669,0.20382506
2674,0.560112
2678,1.1256791
2681,1.026488
2685,0.50173897
2686,0.27254903
2690,0.58749175
2697,0.6860706
2699,0.28844443
2704,0.23389935
2705,0.6751245
2710,0.6590497
2712,0.61381465
2713,0.40997633
2716,0.47759822
2717,0.67228603
2718,1.0707471
2721,0.32786736
2722,1.3777723
2735,0.24826658
2737,0.32061082
2738,0.8912466
2742,0.5660732
2745,0.13876918
2746,0.70890653
2747,1.314184
2750,0.44297233
2751,0.32688978
2754,0.41437003
2762,0.37555638
2764,0.32665095
2772,0.3595396
2775,0.408554
2776,0.7406201
2779,0.6897058
2781,0.5061233
2789,0.3561775
2790,0.6736601
2791,0.08351266
2798,1.2387716
2800,0.5575721
2804,0.2292769
2805,0.7733299
2806,0.24094039
2809,0.23101169
2810,0.73742265
2812,0.2466115
2814,0.85442835
2816,1.0281652
2818,0.19142932
2823,0.49416104
2824,0.48400146
2834,0.5585911
2837,0.5133108
2840,0.6393656
2845,0.19582066
2847,0.5662437
2848,0.28771463
2850,0.65104014
2859,0.47609732
2862,0.53275454
2868,0.25542077
2874,0.713098
2876,0.9267871
2892,0.7728293
2894,0.59279954
2897,0.44486567
2901,1.0363929
2903,0.3924612
2904,0.32657677
2906,1.2205434
2914,0.46970025
2918,0.3715676
2919,0.37028793
2923,0.3095127
2926,0.56369156
2928,0.54125845
2930,1.1703129
2938,0.25240895
2940,0.35854748
2949,0.38760588
2951,0.38448545
2958,0.52773565
2961,0.6597799
2962,0.38732865
2964,0.3518593
2966,0.40895268
2967,0.37114653
2968,0.49099118
2972,0.98710173
2977,0.13583484
2978,0.17896044
2979,0.41160658
2981,0.09529444
2985,0.7107442
2986,0.50202817
2989,0.25503153
2994,0.09073104
2996,0.34051183
2997,0.38524523
2999,0.4744991
3002,0.06431182
3007,0.22955456
3008,0.30892757
3017,0.4544182
3020,0.3747553
3024,0.36358634
3028,0.24311987
3031,0.5976437
3032,0.73529655
3033,0.6114944
3035,0.23525769
3040,0.6095595
3041,0.59803516
3046,0.40983295
3050,0.65868396
3063,0.33729157
3065,0.5904726
3067,0.7030154
3069,0.5122203
3076,0.30454335
3078,0.31360212
3081,0.5140058
3087,0.33345374
3088,0.35441926
3094,0.5215196
3096,0.6036605
3098,0.26913202
3103,0.2607317
3110,0.6551861
3113,0.7886814
3121,1.1616037
3127,0.23004198
3128,0.18516937
3129,1.2564193
3135,0.9287984
3143,0.64147943
3146,0.65376157
3148,0.41499647
3149,0.40660542
3151,0.37052482
3156,0.53642434
3160,0.70181304
3164,0.3785396
3169,0.49893388
3178,0.25019538
3187,0.5241219
3194,0.38374355
3202,0.41541365
3203,0.64000005
3204,0.48648366
3206,0.9731505
3207,0.8584298
3208,0.27153444
3209,0.23805004
3213,0.6304074
3214,0.30775243
3215,0.26795784
3220,0.33449322
3223,0.6388667
3224,0.3626344
3226,0.27262846
3228,0.42141092
3230,0.2501778
3232,0.16525787
3233,0.39639923
3234,0.58975893
3238,0.70289314
3246,0.49661747
3247,0.5897792
3250,0.12873405
3251,0.5708983
3254,0.40680102
3257,0.25641206
3258,0.3023015
3261,0.4131607
3267,0.57215333
3268,0.6148402
3269,0.36940482
3271,0.27689877
3272,0.30067655
3273,0.38522336
3279,0.47187194
3290,0.5198214
3291,0.8709812
3293,0.3991265
3294,0.5552657
3298,0.49387145
3305,0.44411564
3306,0.2285851
3307,0.9772921
3310,0.8293417
3313,0.2869351
3314,0.29960498
3315,0.56101614
3316,0.5792648
3321,0.25917336
3325,0.39476597
3326,0.15114668
3327,0.8231685
3330,0.60254484
3331,0.41323358
3332,0.10058619
3333,0.18498841
3343,0.81267816
3344,0.49834517
3348,0.4096164
3349,0.09226659
3350,0.8906384
3352,0.5072059
3353,0.55869335
3354,0.23449948
3358,0.91514415
3360,0.5102569
3366,0.60087854
3371,0.23489389
3374,0.6163592
3375,0.8050759
3378,0.3904916
3382,0.48477578
3384,0.5980897
3385,0.44020683
3386,0.2501778
3392,1.1238213
3399,0.3644382
3407,0.35572422
3409,0.2974863
3416,0.47589764
3420,0.5235452
3422,0.7786562
3424,0.46045592
3426,0.98140615
3427,0.6648137
3434,0.35802382
3438,0.48395094
3441,0.30787936
3442,0.37901267
3443,0.47113988
3444,-0.067460716
3449,1.0821066
3453,0.25360814
3454,0.37174973
3456,0.94035655
3457,0.4659945
3458,0.27153984
3461,0.74848205
3467,0.4341721
3479,0.45076057
3488,0.13719009
3491,0.6254825
3496,0.42775857
3502,0.25764972
3507,1.128797
3511,0.49434218
3515,0.3266541
3516,0.43013325
3538,0.47497395
3539,0.27272144
3541,0.8755582
3545,0.393435
3546,0.46394488
3547,1.5189865
3551,0.3573914
3553,0.39148572
3556,0.45600912
3558,0.45525232
3559,0.5699604
3561,0.5320369
3562,1.0977547
3563,0.53563505
3564,0.21807677
3571,0.75969344
3574,0.46693584
3576,0.4904011
3577,0.27724525
3579,0.34732032
3580,0.32713678
3586,0.51043946
3590,0.6840275
3599,0.8807989
3600,0.38626707
3601,0.4361521
3605,0.4797028
3606,0.92045903
3612,0.2968363
3614,0.7476073
3615,1.227776
3616,0.33237687
3620,0.32026073
3622,0.37016043
3624,0.32412264
3630,0.43840805
3644,0.5184937
3649,0.2739431
3651,0.1375576
3654,0.34724337
3665,0.35526577
3668,0.24804628
3671,0.20696548
3672,0.6216947
3673,0.51451594
3677,0.4185749
3678,0.36462107
3687,0.4961855
3688,0.4905702
3693,0.40814474
3698,0.13948913
3699,0.50699
3701,0.52045363
3703,0.50799304
3706,0.61781746
3707,0.6438291
3709,0.595028
3711,1.2102699
3714,0.76567906
3716,0.35880885
3720,0.49706265
3728,0.35959566
3731,0.8452543
3732,0.47559813
3733,0.31978038
3734,0.35437763
3740,0.08877956
3746,0.28189608
3749,0.3346846
3751,0.37202433
3755,0.24844766
3757,0.4997063
3762,0.29329148
3767,0.41121694
3769,1.0606416
3779,0.1019853
3781,0.21687463
3782,0.30761346
3783,0.917814
3784,1.1981854
3790,0.37245926
3791,0.42273936
3792,0.103683315
3794,0.31094146
3799,0.28368223
3801,0.35028312
3804,0.31189942
3808,0.34670535
3809,0.13637134
3811,0.44864482
3813,0.6279338
3817,0.78029937
3818,0.2177062
3823,0.3732803
3843,0.55538267
3844,0.18008545
3846,0.4699102
3847,0.41934344
3852,-0.04819376
3854,0.3753487
3856,0.55900306
3863,0.6206739
3865,0.18254301
3867,0.28267762
3871,0.38079074
3872,0.45746455
3878,0.53165764
3880,0.2393707
3881,0.3120538
3882,0.3736091
3883,0.46884027
3884,1.1471802
3885,0.5857709
3886,0.60956985
3890,0.5428186
3891,0.26557052
3898,0.2562046
3902,0.27896553
3909,0.5906506
3910,0.3358521
3912,0.3734444
3915,0.22300884
3918,0.5904271
3920,0.1361253
3925,0.311901
3928,0.22336656
3929,0.3102832
3930,0.38078293
3931,0.75229734
3934,0.2159558
3939,0.3223633
3941,-0.0811815
3942,0.682992
3943,1.1986415
3946,0.61824936
3963,0.33428827
3965,0.7978049
3966,1.2249768
3971,0.59164435
3972,0.41696072
3974,0.15603097
3976,0.21590507
3978,0.5986283
3981,0.13831902
3985,1.2308214
3986,0.7154997
3987,0.6193405
3988,0.8899144
3991,0.61925006
3999,0.48128802
4001,0.30300823
4002,0.6154793
4004,0.5947456
4007,0.4471072
4009,0.39144507
4013,1.0523826
4015,0.4777266
4016,0.41628915
4023,0.8013306
4031,0.77891296
4035,0.38182288
4036,0.35029647
4037,0.38454685
4040,0.39204007
4048,0.4758706
4053,0.42326948
4056,0.6021436
4059,0.67671114
4066,0.33330837
4067,1.0344677
4069,0.42146286
4070,0.3437332
4071,0.280128
4073,0.875739
4074,0.42293903
4075,0.68755305
4082,0.3374673
4090,0.18859091
4099,0.8256034
4102,0.42686048
4106,0.39178148
4109,0.70391756
4110,0.17914122
4115,0.3401263
4118,0.38973317
4120,0.39447346
4125,0.36038044
4126,0.57000726
4130,0.25080904
4134,0.48336014
4136,0.49795637
4137,0.2903757
4144,0.35136494
4148,0.733524
4151,0.37283
4155,0.49071696
4162,0.31423005
4165,0.9829605
4169,0.43348286
4174,0.39538303
4179,0.5022695
4185,0.30619606
4186,0.88392764
4187,0.5708521
4188,0.3675138
4190,0.76446265
4192,1.0485533
4193,0.4000363
4194,0.5251186
4195,0.36252505
4196,0.33528548
4207,0.80564415
4208,0.79113156
4215,0.41913992
4217,0.16811466
4222,1.0237994
4223,0.6905691
4226,0.097039245
4228,0.7457263
4229,0.19138545
4231,0.30549207
4234,0.5085441
4236,0.6364152
4249,0.43711194
4254,0.5584045
4258,0.23628792
4259,0.49368754
4263,0.39906564
4267,0.32080704
4277,1.0482612
4278,0.9779585
4280,0.25001058
4283,0.7171218
4285,0.32399848
4286,0.24434188
4287,0.4835334
4290,0.5538757
4291,0.3522477
4294,0.63114554
4302,0.34485152
4308,0.24848163
4310,0.2134136
4311,0.34969488
4315,1.1991763
4316,0.5396791
4319,0.26977223
4331,0.5320484
4338,0.33121842
4339,0.100170456
4340,0.4946247
4344,1.1429635
4346,0.5135792
4347,0.8986053
4360,0.73568124
4364,0.8702261
4367,0.4000789
4369,0.86144143
4370,0.33874384
4371,0.25398877
4380,0.9259217
4386,0.42717955
4389,0.6382814
4390,0.6681538
4394,0.3553072
4399,0.38100076
4400,0.5300137
4404,0.33109972
4409,0.6806332
4414,0.46329364
4417,0.4658616
4418,0.94373876
4419,0.48115513
4420,0.2907687
4422,0.3071374
4429,0.9400794
4431,0.97315043
4433,0.6022497
4434,0.62647885
4439,0.9731505
4443,0.29589328
4446,0.23219395
4447,0.25365028
4453,0.41952527
4460,0.22818333
4461,0.31955546
4462,0.29054466
4467,0.921408
4469,0.28668672
4473,0.37453723
4474,0.3778656
4475,0.6214213
4477,0.56452626
4481,0.33345094
4483,0.65231043
4484,0.7782516
4485,0.5094168
4495,0.3424668
4497,0.74677235
4500,0.4678968
4501,0.38066882
4502,0.57320094
4505,0.38730487
4506,0.30824915
4510,0.28166413
4512,1.5061212
4513,0.21299893
4532,0.35749915
4535,0.3133702
4536,0.41871968
4540,0.80357623
4545,0.7236089
4552,0.50196165
4554,0.19696754
4555,0.39828774
4558,0.34863672
4559,0.69978356
4560,0.26657006
4566,0.41721764
4570,0.5355043
4572,0.34557328
4574,0.9098993
4581,0.36572394
4583,0.34942293
4586,0.90500885
4591,0.24474636
4594,0.7877664
4603,0.53716284
4605,0.20596284
4612,0.26325643
4613,0.44527927
4615,0.36148006
4618,0.20260617
4621,0.22559834
4623,0.34939602
4626,0.40110025
4629,1.0912068
4633,0.3817688
4636,0.9791613
4638,0.37528637
4640,0.37883243
4643,0.24294204
4645,0.42626417
4647,0.3184984
4648,0.4451852
4651,0.87154585
4652,0.23190945
4653,1.0757693
4654,0.28140205
4660,0.48304632
4662,0.48281258
4663,0.5332355
4665,0.6037466
4668,0.8702261
4676,0.38034248
4683,0.2932439
4685,0.3764303
4686,0.18143567
4701,0.76513344
4718,0.2839758
4721,0.50814146
4727,0.3157548
4728,0.47000113
4733,0.35836375
4741,0.17793521
4743,0.3068367
4746,0.6443606
4751,0.2647921
4756,0.1536111
4761,0.30690894
4763,0.40563068
4764,0.45223585
4767,0.7955203
4772,0.63584656
4776,0.7621742
4780,0.16029337
4781,0.51587754
4792,0.7254543
4796,0.4434381
4801,0.6064312
4804,0.3548325
4805,0.21548063
4806,0.35544345
4811,0.46293914
4815,0.470107
4816,0.46422407
4817,0.3478548
4818,0.22167006
4822,0.32419848
4824,0.58975893
4827,1.4201405
4837,0.47594345
4838,0.46524063
4839,0.717715
4841,0.64964896
4851,0.34867713
4855,0.38501534
4861,0.48519433
4862,0.29913607
4863,0.83385706
4865,1.1571137
4871,0.6769647
4873,0.30880275
4880,0.37913105
4885,0.429728
4886,0.2350977
4902,0.4447368
4904,1.1051161
4907,0.85744065
4916,0.31135735
4921,0.31169453
4925,0.7085376
4927,0.26024583
4928,0.30746338
4930,0.32739148
4932,0.42833406
4933,0.32844022
4937,0.5371795
4939,0.24165773
4941,0.36215624
4942,0.342639
4947,0.7711111
4949,0.28331676
4950,0.3917316
4956,0.5214209
4960,0.6872098
4963,0.63408506
4965,0.2797275
4976,0.5754399
4977,1.3254931
4987,0.6437897
4991,0.656548
4994,0.23566493
4999,0.23503497
5003,0.22660393
5006,0.36318937
5009,0.4022784
5011,0.404292
5012,0.20855245
5014,0.24180233
5020,0.18782586
5021,1.2836307
5023,0.51218414
5026,0.4958302
5030,0.8989566
5031,0.2186332
5036,0.69001836
5042,0.9731505
5045,0.2506494
5048,0.44660044
5051,0.20665583
5053,0.97960436
5054,0.8934497
5057,0.76514137
5058,0.2545222
5066,1.0284759
5070,0.3620033
5077,0.6194566
5081,0.22971913
5084,0.35249594
5086,0.48412833
5090,0.5087691
5091,0.42835763
5093,0.61507064
5100,0.5081221
5108,1.3146329
5111,0.15371999
5112,0.5061589
5118,0.25689098
5121,0.74317306
5123,-0.033799164
5129,0.29788214
5133,0.33168033
5143,0.26612714
5147,0.42243293
5151,0.44779724
5156,0.27802652
5158,0.35483435
5161,0.63373363
5163,0.37836936
5167,0.35975745
5173,0.321871
5205,0.28531054
5214,0.49258405
5215,0.66979307
5216,0.2696527
5217,0.3350971
5225,0.43468428
5237,0.25442562
5239,0.52329886
5240,0.40769422
5241,0.26396692
5246,0.30365372
5250,0.26630557
5253,0.4131846
5258,0.33576503
5261,0.6742044
5268,0.2998816
5275,0.22414121
5277,0.28533292
5279,0.42918447
5288,0.5379899
5289,0.20029995
5294,0.8525664
5303,0.5642026
5307,0.5610461
5311,0.39195946
5312,0.48005915
5314,0.40840778
5318,0.4050553
5327,0.65627927
5329,0.63810205
5333,0.22567564
5334,0.32650366
5340,0.73884916
5348,0.71202016
5358,0.23412284
5360,0.5553656
5361,0.9440195
5363,0.14796233
5364,0.8235995
5369,0.44271043
5370,0.36531177
5374,0.612853
5376,0.66286284
5388,0.30206954
5390,0.20493212
5393,0.21940157
5394,0.81104046
5395,0.23486885
5398,0.31404448
5399,0.6633721
5401,0.33364233
5402,0.15052709
5405,0.51573044
5414,0.44560984
5415,0.37689015
5419,0.4071455
5421,0.3916737
5422,0.5291378
5424,0.4147382
5427,0.40029275
5429,0.38411155
5431,0.4237707
5433,0.5128427
5434,0.5533248
5435,0.3830491
5436,0.4017566
5438,0.5061586
5440,0.30399016
5441,0.277604
5447,0.18511483
5451,0.5239622
5453,0.59151894
5456,0.45973483
5457,1.3731523
5463,0.492409
5464,0.2029419
5470,0.56651425
5472,0.19751745
5474,0.3412641
5478,0.42859802
5483,0.25469714
5490,0.24697876
5500,0.8117333
5504,0.35084668
5508,0.5331554
5511,0.32509598
5512,0.32047203
5513,0.2929149
5516,0.353912
5523,0.17701024
5527,0.16267064
5530,0.22412288
5533,0.43500352
5536,0.36250672
5537,0.37955514
5542,0.5424671
5543,0.5065844
5546,0.40374246
5549,0.6363279
5550,0.66103673
5551,0.6168287
5562,0.38619724
5566,1.1651254
5568,0.32338855
5571,0.53053004
5572,0.41736734
5574,1.1193116
5583,0.23194012
5585,0.35615346
5591,0.33920667
5596,0.2597763
5597,0.43753612
5601,1.108646
5606,0.3130789
5607,0.4044266
5610,0.2917616
5615,0.368728
5616,0.13814348
5623,0.45596245
5630,0.2595169
5636,0.8068598
5637,0.5947863
5639,0.51622874
5640,0.27069214
5643,0.86552024
5648,1.2511106
5649,0.37616044
5660,0.3951369
5666,0.45598575
5667,0.587942
5678,0.40552798
5679,0.51059496
5681,1.3254931
5682,0.6128425
5691,0.11012364
5696,0.26713467
5697,0.4066905
5700,0.11660099
5701,0.57479143
5702,0.40739682
5708,0.348148
5709,0.88009864
5718,0.2700903
5723,0.54415274
5725,0.45475927
5728,0.4418956
5731,0.21165437
5735,0.49319735
5737,0.50750005
5738,0.70672315
5742,0.45395383
5747,0.36945173
5749,0.8642399
5750,0.7496585
5755,0.38402447
5756,0.7900941
5761,1.4974735
5762,0.7831288
5767,0.24038917
5768,0.24096107
5770,0.34849927
5773,0.28190547
5774,1.1840143
5779,0.1644853
5782,0.33148673
5785,1.2522461
5786,0.49177673
5787,0.23584628
5788,-0.033799164
5796,0.3733478
5802,1.3046649
5806,0.37299296
5809,0.28943694
5810,0.64432484
5811,0.39958763
5813,0.9731505
5820,0.3584783
5823,0.34873006
5830,0.29558513
5831,0.2578489
5838,0.54811364
5839,0.6045243
5844,0.24992886
5846,0.73050153
5851,0.61774856
5852,0.4510495
5857,1.0459002
5859,0.21759993
5860,0.22856161
5862,0.25378883
5865,0.28859964
5866,0.5688087
5871,0.38757455
5872,0.18980533
5877,0.34828183
5878,0.28226194
5879,0.39996353
5880,0.46683326
5895,0.932466
5897,0.23597112
5910,0.38002208
5914,0.40785882
5915,0.49826556
5917,0.9848472
5924,0.9480689
5926,0.19153386
5931,0.6048196
5936,0.14990783
5940,0.2952735
5941,0.26147637
5945,0.25344354
5946,0.21145126
5948,1.0517306
5951,0.14484894
5967,0.6434657
5968,0.6808683
5969,0.51856357
5970,0.22018558
5971,0.5578724
5973,0.21837884
5976,0.3966029
5977,1.6401416
5984,0.58177245
5986,0.3021695
5993,0.34980533
5994,0.20437753
6005,0.24148548
6006,0.14881438
6008,0.37361073
6010,0.4964482
6011,0.42122075
6014,1.3254931
6016,0.23045754
6018,0.24708977
6021,0.7422642
6025,0.096247114
6028,0.47356418
6029,0.5424956
6035,0.2464231
6040,0.32685903
6042,1.2689676
6044,0.46558145
6046,0.29306343
6052,0.4120356
6054,0.4456443
6062,0.45993048
6063,0.9240201
6067,-0.020872556
6068,0.19964287
6077,0.5252751
6079,0.45159444
6080,0.5204177
6081,0.28650635
6082,0.78476006
6089,0.2459811
6095,0.23910251
6101,0.7873009
6107,0.2324839
6114,0.50714636
6117,0.4348672
6121,0.25591803
6122,0.42716807
6124,0.4415007
6129,0.5492231
6131,0.45302543
6136,0.3215796
6139,0.27252004
6142,0.6867001
6143,0.44921467
6144,0.45569944
6149,0.31458396
6155,0.77912056
6157,0.35094127
6158,0.34372106
6161,0.6004555
6168,0.44505638
6172,0.4068702
6176,0.13458943
6177,0.26624677
6179,0.48500434
6180,0.17591602
6182,0.3847094
6186,0.35142297
6189,0.23333919
6190,0.4199855
6194,0.44001177
6204,0.6051963
6205,0.65624714
6209,0.5223795
6210,0.5156237
6212,0.51861554
6214,0.49833056
6221,0.4002673
6225,0.51486367
6228,0.17853764
6229,0.2531514
6231,0.2387149
6235,0.34418133
6236,0.3157479
6237,0.47328225
6238,0.70550424
6239,0.3961206
6242,0.48499364
6249,0.77684397
6250,0.64564735
6251,0.68063325
6252,0.21524766
6260,0.31278488
6264,0.54344887
6266,0.5364262
6270,0.4070411
6275,0.2487149
6279,0.54854697
6280,0.31926286
6284,0.30303785
6285,0.39936748
6286,0.63112456
6287,0.74523187
6288,0.46555316
6289,0.28476796
6290,0.7486524
6291,0.36974633
6295,0.3230522
6298,0.23705596
6307,0.6755648
6308,0.69449687
6309,0.2749503
6313,0.37933794
6316,0.45759347
6319,0.96100014
6321,0.23758346
6324,0.9025151
6327,0.30067617
6333,0.33693337
6351,0.739599
6352,0.7438926
6353,0.36440393
6357,1.1869463
6359,0.3016136
6360,0.45874777
6364,0.3831316
6367,0.978856
6368,0.32296678
6377,0.20296547
6378,0.29810023
6379,0.490627
6381,0.2650762
6390,0.77052444
6401,0.35034552
6408,0.41211364
6409,0.29551855
6411,0.28890154
6419,0.46617508
6424,0.42692292
6426,0.29121467
6428,0.24603787
6431,0.7281212
6432,0.24957883
6433,0.32750595
6435,0.42379805
6437,0.5212824
6439,0.26853722
6442,0.31199217
6444,0.18701157
6447,0.65611047
6456,0.6443942
6457,0.3163238
6460,0.1329258
6468,0.23883355
6471,0.4300567
6475,0.68548167
6476,0.68840194
6479,0.20940048
6483,0.7227855
6487,0.68771017
6488,0.28390667
6489,0.53692394
6496,0.2617615
6498,0.39177123
6502,0.8986724
6503,0.41896042
6507,0.2945203
6508,0.6505071
6509,0.53998464
6517,0.6915349
6521,0.21246502
6522,0.37979552
6524,0.25572422
6526,0.4911084
6531,0.43426338
6533,0.30041948
6538,0.31683278
6539,0.28956202
6544,0.68294996
6557,0.28616384
6558,0.5364567
6562,0.4909917
6563,0.2929946
6564,0.43005672
6574,0.275171
6578,0.834955
6581,0.3437906
6584,0.4386628
6587,1.3601758
6589,0.7544456
6590,0.2671175
6592,0.6236306
6595,0.10833193
6599,0.29422387
6600,1.1352502
6606,0.63634247
6609,0.4583448
6612,0.4451029
6615,0.32942972
6618,0.3240423
6620,0.30566576
6623,0.24523866
6633,1.1773417
6639,0.4507393
6640,0.9821436
6641,0.7500209
6645,0.48881075
6650,0.44869855
6651,0.34087184
6652,0.16836098
6657,0.64778197
6659,0.49218792
6666,0.24997297
6671,0.41667697
6673,1.088573
6674,1.1426942
6677,1.0363929
6680,0.30932015
6684,0.37259063
6685,0.33524
6691,0.80517924
6692,0.4575074
6696,1.0777972
6698,0.2497645
6704,0.39350888
6705,1.0530255
6710,0.31738722
6713,0.7280472
6715,0.49295595
6717,0.35839245
6718,0.5709364
6720,0.317572
6728,0.21870041
6732,0.80917054
6733,0.32671154
6739,0.2178284
6740,0.7544456
6741,0.41475126
6743,0.8304699
6747,0.5213699
6750,0.72885185
6752,0.38047954
6753,0.70866865
6755,0.44197342
6761,0.4844611
6763,0.22182265
6768,0.5532468
6770,0.344268
6771,0.2887893
6777,0.8828081
6778,0.63801545
6780,0.40429828
6782,0.30815
6786,0.62886286
6791,0.7717533
6797,0.32316697
6798,0.17965263
6803,0.61997384
6805,0.50046647
6812,0.52547807
6816,0.27955446
6818,0.39588067
6822,0.34358203
6825,0.38063738
6826,0.3289798
6827,0.39698824
6829,0.18239945
6831,0.2646479
6836,0.3235611
6838,0.4956777
6840,0.58630145
6842,0.36142483
6846,0.36836252
6851,0.26780808
6853,0.35075808
6856,0.31306413
6859,0.48171392
6865,1.3875012
6866,0.34663674
6868,0.52964187
6869,0.3902674
6871,1.2458458
6873,0.43638298
6886,0.29119012
6887,0.4137359
6888,0.7038639
6889,0.62762845
6891,0.46871617
6894,0.8073866
6895,0.23215589
6899,1.085345
6901,0.54591215
6902,0.38765523
6904,0.30176416
6906,0.48782876
6922,0.32744837
6923,0.24849197
6924,0.30283555
6927,0.4703484
6934,0.5511506
6938,0.46585846
6941,0.1918546
6942,1.2091813
6944,0.27611956
6947,0.38398686
6952,0.62649024
6957,0.77003455
6958,0.28575394
6964,0.37817797
6968,0.6132327
6969,0.42871636
6976,0.58722997
6982,0.66040945
6986,1.0703585
6987,0.21947727
6989,0.1181655
6991,0.9208311
6993,0.4839326
6995,0.24708584
6997,0.5618031
7000,0.5295994
7003,0.5301971
7004,0.564382
7007,0.3189684
7011,0.20994434
7014,0.69446534
7016,0.5103072
7017,0.3557847
7020,0.32419652
7022,0.26792288
7028,0.21857879
7033,1.310172
7034,0.30262515
7035,0.26525292
7038,0.48220682
7040,0.8275307
7041,0.21195981
7042,0.7481313
7045,0.90735894
7049,0.53358227
7055,1.195296
7057,0.24227816
7062,0.450515
7064,0.47222486
7066,0.62475413
7067,0.5595139
7072,0.6910494
7079,0.27730107
7082,0.33835188
7083,0.77258307
7084,0.28163075
7085,0.6613504
7087,0.7987662
7090,0.37272888
7094,0.73370343
7096,0.1639382
7099,0.1711714
7100,0.57019967
7101,0.63024855
7102,0.35529
7103,0.41423795
7107,0.39156163
7110,0.5729738
7113,0.32920125
7117,0.31151375
7119,0.778845
7123,0.24343842
7127,0.84169555
7133,0.2538177
7139,0.49796978
7143,1.2387716
7145,0.40577635
7151,0.35241792
7152,0.63901556
7153,0.24761477
7156,0.7167269
7162,0.6547968
7170,0.5123573
7172,0.4953166
7177,0.17451677
7181,1.314184
7182,0.25320247
7189,0.22857904
7190,0.33909866
7200,0.41730782
7207,0.2613383
7209,0.5739829
7212,0.7365355
7216,0.87220997
7217,0.2489618
7219,0.24633217
7220,0.5801559
7222,0.21677575
7225,0.34799984
7233,0.29963738
7237,1.079172
7238,0.571508
7239,0.2792721
7240,0.36470446
7243,0.35441926
7245,0.36286733
7246,0.2766217
7249,0.7881636
7257,0.35791644
7258,0.23202059
7259,1.1174495
7262,1.3511437
7263,0.38999167
7269,0.46306694
7271,0.3811655
7273,0.2707153
7276,0.13034183
7279,0.42703584
7282,0.42692292
7284,0.3981727
7293,0.36893865
7298,0.4277157
7303,1.4637027
7304,1.1531651
7305,0.12667578
7308,0.41120872
7313,0.9743853
7314,0.15587294
7321,0.42647684
7322,0.33975324
7327,0.4735018
7333,0.3290706
7336,0.5190763
7339,0.5155546
7341,0.68897504
7346,0.56846184
7347,0.02127382
7349,0.7249108
7351,0.86253303
7353,0.40872434
7363,0.29398692
7364,0.175444
7368,0.6137603
7370,0.27857235
7375,0.6547753
7376,0.43265787
7379,0.36991116
7382,0.51951736
7384,0.5472025
7385,0.7396587
7387,0.34159184
7388,0.2647972
7389,0.6673176
7394,0.54102653
7396,0.15387006
7398,0.2458486
7399,0.38678983
7401,0.16758934
7404,0.33692947
7406,0.33496985
7409,0.37225714
7411,0.38488486
7417,0.61416155
7420,0.23496512
7422,0.34314397
7423,0.43213186
7427,0.4094368
7429,0.6080651
7432,0.19214779
7435,0.28089753
7436,1.0497694
7440,1.1458356
7441,0.37875366
7445,0.37322745
7448,0.40997633
7449,0.31062603
7450,0.41238025
7454,0.20855212
7455,0.6119021
7460,0.6442664
7462,0.274738
7464,0.15282801
7466,0.31820306
7468,0.37356523
7469,0.37562898
7471,0.27242386
7472,1.0734351
7483,0.3289216
7484,0.3858651
7485,0.50411457
7486,0.12761033
7487,0.60001725
7489,0.33957353
7492,0.42786846
7495,0.35387138
7499,0.43005672
7500,0.5205222
7506,0.6496046
7508,0.2573845
7509,1.0426161
7511,-0.04819376
7516,0.33947155
7524,0.2567503
7538,0.42591584
7539,0.62029374
7541,0.36724305
7546,0.64172316
7549,0.5993914
7562,0.33416876
7564,0.46595135
7567,0.5347882
7572,0.3325136
7574,0.31629822
7575,0.6974148
7586,0.3753974
7592,0.3659576
7596,0.43597987
7597,0.6328977
7599,0.3075765
7606,0.8378841
7615,0.7760349
7618,1.1758446
7620,0.27119014
7624,1.1050158
7625,0.7378858
7629,0.3271343
7632,0.23791504
7636,0.38785908
7637,0.27862754
7646,0.30342302
7655,0.482141
7658,0.35434473
7660,0.40904373
7664,0.57417905
7665,0.5518482
7666,0.3941225
7667,1.1452534
7673,0.10970297
7676,0.39631733
7682,0.33206013
7684,0.5549047
7690,0.32636192
7697,0.41451278
7700,0.40884566
7704,0.5153329
7705,0.42912117
7706,0.1610462
7708,0.122398466
7709,0.3808515
7710,0.2851877
7713,0.6314389
7716,1.2522428
7726,0.27708372
7729,0.3160361
7730,0.21290967
7732,0.3041606
7734,0.36609074
7740,0.27342275
7741,0.37122062
7745,0.21184188
7757,1.176234
7762,0.4930087
7770,0.29945442
7776,0.53733367
7777,0.40973997
7778,0.49242738
7779,0.25695547
7782,0.49935028
7786,0.43844953
7791,0.16944453
7792,0.29217952
7794,1.1420716
7795,0.13348126
7796,0.34667835
7798,0.5904483
7805,1.1356453
7806,0.45128843
7808,0.24289235
7811,0.41049254
7814,0.3934373
7819,0.62001926
7820,0.7344454
7825,0.3862885
7829,0.3088822
7834,0.30227768
7836,0.40766555
7838,0.6921709
7841,1.1610296
7845,0.26253834
7846,0.2572075
7853,0.8547016
7856,0.30919346
7858,0.31169322
7859,0.31252682
7866,0.24047607
7875,0.7569924
7879,0.18513963
7884,0.43345052
7886,0.29793242
7890,0.29533455
7892,0.7062103
7896,0.37210846
7899,0.24894768
7900,0.64253527
7901,0.38451597
7904,0.49139494
7911,0.36774933
7917,0.9563486
7919,0.44521776
7920,0.3394575
7921,0.26715127
7922,0.46532062
7925,0.485733
7927,0.66306835
7928,0.29678714
7931,0.32362244
7942,0.17331365
7946,0.6007332
7947,0.3332621
7948,0.11919828
7951,0.36254266
7956,0.3646039
7961,0.48811555
7964,1.0251045
7966,0.42599466
7967,0.28943694
7974,0.31525877
7975,0.28153932
7979,0.3104538
7985,0.41535726
7986,0.37712792
7993,0.2879727
7995,0.4079008
7997,0.25423747
7998,0.4878042
8004,0.4238044
8007,0.32065025
8011,0.14043996
8014,0.69159937
8022,0.13398577
8027,0.6896574
8033,0.3600858
8041,0.3691201
8042,0.50656676
8046,0.56957394
8048,0.3699505
8050,0.4063119
8051,0.50267935
8052,0.10790572
8053,0.6075229
8054,0.5396492
8059,1.2387716
8063,0.28891185
8072,0.45968527
8075,0.66393715
8076,0.84938496
8077,0.34908363
8078,0.56448305
8080,0.4775091
8082,0.34032217
8086,0.43480667
8090,0.42030618
8092,0.9723786
8093,0.22661945
8099,0.33618978
8104,0.2331551
8107,0.5494855
8108,0.42733893
8114,0.30508795
8115,0.4637383
8117,0.59775263
8123,0.6624049
8124,0.9516215
8127,0.68248546
8132,0.22999662
8134,0.49785477
8139,0.23523325
8145,0.41770247
8148,0.39948997
8151,0.41445553
8152,0.77735347
8153,0.6620422
8157,0.16621369
8160,0.23765391
8166,0.7474553
8167,0.41672128
8173,0.3347715
8174,0.20525566
8178,0.44920895
8179,0.3324974
8185,0.85391176
8186,0.369624
8192,0.19061086
8193,0.21534097
8194,0.5137786
8197,0.257452
8198,1.0256824
8199,0.30979654
8200,1.2294178
8206,0.40942562
8207,0.25174165
8220,0.2653624
8222,0.39698997
8227,0.4590871
8228,0.3167518
8229,0.43154874
8230,0.37587067
8233,0.20629108
8248,0.861671
8249,0.3463599
8255,0.41262287
8260,0.665889
8263,0.47474542
8265,0.43437442
8268,0.29055697
8269,0.35354993
8272,0.4984889
8273,0.5532163
8275,0.26603746
8277,0.20391709
8281,0.23933643
8282,0.29970792
8290,0.4499463
8293,0.24810079
8299,0.49226758
8302,0.2878078
8303,0.4113954
8305,0.47961575
8306,1.4974735
8307,0.43468797
8308,1.1766865
8313,0.53550607
8316,0.3735808
8319,0.26648837
8322,0.67994356
8323,0.53140277
8325,0.66201866
8326,0.35832667
8327,0.52963746
8328,0.5396295
8331,0.43302277
8333,0.5706961
8336,0.52505153
8338,0.31678173
8340,0.36261532
8342,0.43635282
8343,0.27955136
8353,1.0625483
8354,0.4621974
8357,0.4055039
8358,0.18695435
8359,0.54475677
8373,0.43048874
8376,0.75086015
8379,0.15979826
8380,0.59086496
8381,0.32463828
8384,0.4660477
8395,0.67665684
8398,0.40480682
8403,0.34163138
8407,0.22826523
8413,0.27146366
8417,0.096247114
8420,0.25359148
8421,0.25779194
8424,0.684205
8426,0.2640121
8427,0.28962335
8438,0.41868845
8439,0.4590871
8442,0.6463385
8449,0.22762766
8456,0.46988246
8460,1.1511848
8462,0.62845206
8465,0.74023324
8466,0.29583487
8467,0.35041094
8469,0.5317464
8470,0.26274562
8474,0.23474982
8479,1.1835632
8481,0.70176595
8482,0.36898145
8485,1.3205559
8488,0.5091316
8492,0.32463542
8493,0.9400683
8495,0.24294204
8499,0.52846545
8501,0.6756611
8519,0.32943633
8521,0.15395963
8525,0.37339607
8527,0.5269516
8529,0.53449005
8532,0.9952792
8534,0.3030259
8535,0.23825139
8537,0.54600847
8544,0.335515
8548,0.69233274
8549,0.63031226
8552,1.2636652
8554,0.30957922
8563,-0.078089856
8564,0.59140736
8565,0.40306565
8566,0.6696554
8568,1.1016624
8569,0.24310109
8573,0.64392436
8583,0.411015
8588,0.48077425
8590,0.22798032
8592,0.5271133
8593,0.51534003
8594,0.5352871
8597,0.32299483
8600,0.3780163
8601,0.36634398
8602,0.74984545
8603,0.24485093
8604,0.6422674
8605,0.1986455
8611,0.4252375
8614,0.10466526
8616,0.46623155
8617,0.51139987
8619,0.25024596
8626,0.25446528
8629,0.38397607
8630,0.6494865
8632,0.7668794
8634,0.34536508
8641,0.33594492
8645,0.65181077
8649,0.15226099
8652,0.26992583
8666,0.2991588
8671,0.46236253
8672,0.5692989
8675,0.22950342
8678,0.27431747
8679,0.66378057
8682,1.026488
8687,0.24224553
8701,0.6600643
8703,0.21796054
8707,0.26957598
8713,0.32466254
8716,0.27812713
8719,1.2573282
8725,0.35872868
8730,0.30749097
8731,0.25658205
8748,0.44024885
8749,0.37194762
8756,0.36341488
8764,0.49359545
8765,0.23414278
8769,0.7223006
8771,0.4880644
8772,0.83018655
8773,0.35853568
8779,0.54744184
8792,0.47650507
8794,0.16359898
8796,0.7779666
8798,0.5540585
8803,0.16265076
8807,0.52292824
8809,0.3761112
8811,0.47218615
8813,0.41205493
8814,0.2026287
8818,0.27290943
8819,0.3899891
8820,0.38526526
8821,1.1275548
8822,0.2671788
8824,0.37335166
8826,0.42414245
8827,1.2307854
8828,0.17522132
8833,0.28373194
8834,0.6333483
8845,0.87539166
8847,0.5274735
8849,0.92171866
8861,0.33460864
8867,0.26125416
8868,0.29336897
8870,0.18457216
8873,0.66628015
8874,0.2530151
8876,0.42410272
8877,0.43005672
8879,0.34727004
8882,0.2371651
8884,0.30419305
8889,0.59041446
8891,0.5371365
8894,0.25196946
8895,0.3568371
8897,0.8387004
8898,0.28218317
8901,0.17801476
8904,0.52187014
8909,0.24208954
8910,0.2409325
8911,0.21360847
8915,0.11974075
8917,0.4574445
8918,1.4438791
8919,0.59265405
8922,0.35372844
8925,0.33440736
8928,0.48804125
8929,0.26611698
8930,0.67153317
8932,1.2305229
8937,0.25269893
8940,0.22320646
8943,0.4503348
8950,0.6489446
8951,0.5600899
8954,0.21849957
8958,0.42139623
8960,0.644913
8964,0.15145355
8975,0.9665945
8977,0.3553616
8981,0.28573403
8982,0.27505285
8984,0.42087096
8988,0.32662582
8990,0.80325794
8991,0.5093062
8995,0.45169345
8997,0.31083837
9003,0.93397564
9004,0.27451536
9010,0.57430047
9011,0.2567624
9013,0.41685328
9014,0.19140634
9015,0.27259636
9017,0.9581637
9019,0.65505767
9021,0.27851593
9024,0.3406872
9032,0.85359687
9035,0.9743853
9036,0.44634053
9037,0.2823703
9043,0.6353497
9046,0.4789014
9048,0.26830065
9049,0.34790465
9050,0.25099728
9056,0.5849593
9063,0.33668688
9065,0.24355274
9066,0.4277157
9068,0.23866692
9069,0.42442214
9070,0.403895
9073,0.24701664
9076,0.8847567
9091,0.24245805
9092,1.1312642
9104,1.0158317
9105,0.5313646
9108,0.39178148
9111,0.26106936
9115,0.47609428
9117,0.35557172
9122,0.3372124
9125,0.77450234
9127,0.38049653
9129,0.38278505
9133,0.279793
9136,0.5872656
9138,0.33594492
9140,0.22336656
9147,0.3698979
9150,0.3761077
9152,0.31250128
9153,0.27245972
9155,0.34154728
9158,0.2527835
9160,0.5903706
9163,0.6403581
9165,0.2732011
9167,0.37723505
9168,0.46963724
9170,0.44891334
9176,0.45147678
9178,0.537698
9184,0.15476686
9186,0.5747096
9188,0.31996697
9189,0.2659142
9190,0.85271674
9196,0.57525593
9198,0.3631468
9199,0.61453813
9200,0.30143762
9201,0.59313196
9202,0.30542704
9204,0.3598105
9205,0.32912555
9213,0.23459017
9214,0.5432399
9224,0.28227907
9227,0.32261518
9228,0.4848443
9229,0.56999165
9234,0.4990454
9236,0.72228485
9241,0.41495815
9243,0.3794302
9245,0.53910995
9256,0.4115686
9258,0.28604653
9261,0.77738005
9274,0.22806099
9279,0.38967782
9282,0.46564823
9284,0.82218355
9285,0.5874176
9291,0.8271885
9295,0.43844214
9299,0.2911627
9302,0.8995134
9304,0.20231035
9305,0.42029712
9306,0.6555441
9310,0.46490982
9312,0.38791797
9316,0.36073616
9318,1.1124183
9323,0.432618
9326,0.29729372
9327,0.4320726
9328,0.3749049
9331,0.6034772
9335,0.19672316
9336,0.64999115
9340,0.3512177
9349,1.0294199
9352,0.61669236
9353,0.21487412
9354,0.42099348
9356,0.23755527
9357,0.49144414
9358,0.36034635
9359,0.40186423
9364,0.37380153
9366,0.5039247
9369,0.5717123
9370,0.87343293
9379,0.28653094
9381,0.50466716
9383,0.35142297
9389,0.44707635
9390,0.28361765
9392,0.16975406
9394,1.2562767
9398,0.85168654
9399,0.48395094
9400,0.23758325
9407,0.4001889
9409,0.9955548
9412,0.2548646
9413,0.78946066
9415,0.3805424
9419,0.1569384
9423,0.16642821
9424,0.54099137
9426,0.9893475
9427,0.22474867
9428,1.2475474
9429,0.40981632
9433,0.94189703
9437,0.91082513
9440,0.16265687
9442,0.3183607
9443,0.6644973
9444,0.37626407
9447,0.52835643
9459,0.55700576
9461,0.99444515
9462,0.35036263
9464,0.27959272
9473,0.2501778
9475,0.58042866
9476,0.25275874
9477,0.17391548
9478,0.22488642
9479,0.35564908
9483,0.531659
9487,0.23235983
9494,1.4212596
9497,0.24092138
9498,0.39223298
9506,0.42008907
9512,0.66195863
9514,0.5691008
9515,0.4433051
9516,0.6203119
9517,0.4032106
9518,0.57878846
9521,0.91911346
9523,0.43005672
9527,0.80445975
9528,0.36542192
9530,-0.058460295
9532,0.3297334
9534,0.36475202
9535,0.75391215
9536,0.2999313
9543,1.1267569
9544,0.4770985
9545,0.48388624
9546,1.4974735
9549,0.3184848
9558,1.2854435
9560,0.22374552
9561,0.5065141
9570,0.44597122
9573,0.40969834
9578,0.13617098
9584,0.49185947
9587,0.44530663
9588,1.0452049
9599,0.43382806
9601,0.22331569
9604,0.5518942
9614,0.28737864
9615,0.50431466
9621,0.37837988
9622,0.39047787
9623,0.3821049
9624,0.2567624
9626,0.51949054
9628,0.24243614
9630,0.2501778
9631,0.3112055
9633,0.21702975
9635,0.37308827
9637,0.31010103
9641,0.21762002
9647,0.26049453
9648,0.42460886
9649,0.31219146
9658,0.36258647
9662,1.0495535
9668,0.48289353
9671,1.1101902
9676,0.1918005
9677,0.18417045
9679,1.3254931
9682,0.40786162
9685,0.27937484
9689,1.0058722
9692,0.58975893
9693,0.37978432
9694,0.8744846
9696,0.4238979
9700,0.42124084
9711,0.49643838
9713,0.5890141
9720,0.36739305
9721,0.46805677
9725,1.1415699
9726,0.4044702
9727,0.50641173
9735,0.6188987
9740,0.62505084
9742,0.90194374
9743,0.6784163
9747,0.8081548
9748,0.49184215
9751,0.2602154
9758,0.36547375
9767,0.088372506
9768,0.31899452
9773,0.42492592
9777,0.25931585
9781,0.32401457
9784,0.42631325
9786,0.683665
9789,0.15114668
9792,0.36354664
9793,0.20429519
9798,0.77677673
9799,0.69487864
9802,0.4845917
9803,0.6634719
9804,0.23726588
9805,0.49183604
9807,0.25354007
9809,0.21877974
9811,0.39178148
9814,0.6102081
9817,0.46293885
9821,0.5275799
9824,1.040937
9825,0.5283154
9827,0.14681041
9839,0.36248073
9840,0.2491095
9843,0.5190191
9844,0.36937562
9845,0.44697148
9847,0.13955724
9848,0.4089574
9851,0.8935887
9852,0.544748
9855,1.5218995
9856,0.4423848
9863,0.20149714
9867,0.35854372
9871,0.36031327
9876,0.8238104
9879,0.49789777
9882,0.23794144
9891,0.18001649
9892,0.2991512
9893,0.19816893
9895,0.6970784
9899,0.34654328
9900,0.76865315
9902,0.35544315
9903,0.25771856
9904,0.52791095
9908,0.32501835
9913,0.46214363
9914,0.6987235
9917,0.52399224
9922,0.34599063
9924,0.3709515
9926,0.27807942
9927,0.24114826
9928,1.2933109
9929,0.45495322
9936,0.3350734
9939,0.449375
9947,0.2837251
9951,0.29014695
9954,0.9987177
9956,0.22165653
9957,0.82409817
9959,0.5885272
9962,0.28693578
9964,0.23229486
9966,0.2913176
9968,0.29194048
9969,0.25395516
9970,0.56704897
9975,0.36440393
9977,1.0266583
9981,0.34562606
9993,0.5096793
9996,0.30227348
9997,0.63061553
9999,0.36993465
10002,0.36875358
10007,0.41319457
10015,0.76391965
10019,0.45540777
10022,0.33742514
10024,0.5508794
10026,0.24034876
10033,0.36359504
10043,0.54537934
10046,0.27349025
10051,0.42490917
10053,0.32387063
10062,0.039591532
10063,0.6050933
10065,0.39880058
10068,0.41705093
10078,0.39359647
10086,0.59663254
10094,0.6655107
10095,0.4593334
10096,0.45338616
10097,0.28342924
10103,0.54014957
10104,0.46487525
10108,0.20917639
10122,0.5242253
10123,0.82317483
10128,0.21439236
10131,0.44663292
10133,0.32637104
10134,0.23341095
10135,0.44475222
10145,0.41077125
10148,0.37386465
10154,0.36709723
10155,0.6231991
10158,0.40322635
10160,0.3517428
10161,0.5318002
10162,0.10901842
10165,0.5608011
10166,0.33744386
10167,0.54789114
10170,0.8336712
10178,0.4128702
10180,0.3188903
10181,0.3801475
10185,0.89180213
10188,0.2397497
10190,0.33919814
10196,0.7398918
10200,0.6077639
10205,0.1797798
10211,0.3326042
10216,0.363279
10219,1.0286843
10221,0.22237712
10225,0.6047761
10227,0.40547293
10228,0.28943694
10230,0.46888497
10232,0.74625677
10233,0.284624
10235,0.61581165
10238,0.72076553
10240,0.64397025
10242,0.32674927
10248,0.27724028
10254,0.62015396
10257,0.32780826
10261,0.21695197
10262,0.40291741
10266,0.46672052
10267,0.7421129
10271,1.2930043
10277,0.27512097
10279,0.9799045
10281,0.21870959
10282,0.42185065
10285,0.3995078
10292,0.51627934
10298,0.3574758
10300,0.2848802
10309,0.98322594
10311,0.23143846
10312,0.6583695
10319,0.9245054
10324,0.42178956
10326,0.51922023
10328,0.2069878
10343,0.49264577
10346,0.45752922
10347,0.9731505
10353,0.41887495
10354,0.7027442
10356,0.23293743
10357,0.35391447
10362,0.736041
10363,0.4528577
10370,0.45763782
10373,0.1712789
10386,0.5170316
10388,0.9768387
10389,0.13617098
10391,0.5216319
10397,0.2645335
10400,0.38720128
10403,0.29918212
10404,0.45277855
10408,0.444724
10417,0.20372236
10425,0.371294
10435,0.17446283
10437,0.44707635
10438,1.3777723
10440,0.18205091
10442,0.30622923
10447,0.27584925
10452,0.836199
10453,0.53020823
10454,0.26922405
10459,0.4643962
10460,0.2188772
10463,0.2003513
10465,0.87675554
10469,0.83014524
10474,0.47357485
10475,0.5652459
10476,0.88885856
10477,0.75567526
10480,0.30492848
10491,0.83662325
10493,0.29847977
10494,0.29518715
10495,0.5348231
10497,0.38846424
10501,1.1340611
10504,1.3108287
10507,0.52429
10509,0.19357273
10510,0.54612595
10512,0.35142297
10514,0.35007495
10526,0.8388437
10528,0.5148778
10530,0.91454333
10531,0.42023277
10532,0.35515383
10538,0.347766
10539,0.15378031
10542,0.4463299
10547,0.40456232
10549,0.38896573
10556,0.688183
10569,0.4532479
10572,0.21078038
10577,0.363419
10579,0.2527884
10586,0.32729638
10594,0.46148917
10595,0.6829696
10597,0.9236158
10602,0.66077715
10604,0.2814006
10614,0.49456716
10617,0.47830462
10618,0.26013318
10619,0.45529926
10624,0.43684062
10633,0.30837354
10634,0.21905702
10635,0.36665806
10638,0.268578
10639,0.50865006
10642,1.3541225
10643,1.0734351
10645,0.5500308
10646,0.08784245
10649,0.4193904
10652,0.37023357
10653,0.58766145
10654,0.34684518
10661,0.27698538
10664,0.7314512
10668,0.7223071
10670,0.60535806
10674,0.96497065
10683,1.2553725
10694,0.79583234
10697,0.8650611
10699,0.2416521
10701,0.50240743
10703,0.36357918
10713,0.4931288
10714,0.30648413
10716,0.30722013
10717,0.5123899
10719,1.0007737
10725,0.75544375
10728,0.18751094
10734,0.3697501
10738,0.34455898
10740,0.46960658
10742,0.21179059
10756,0.5683986
10757,0.335515
10758,0.4170288
10761,0.38013163
10762,0.43220502
10773,1.0152401
10778,0.28129712
10781,0.45759764
10791,0.38906655
10792,0.27388695
10796,0.8765016
10797,0.4062315
10801,0.26844907
10804,0.5692408
10806,0.99403965
10807,0.60155255
10816,0.53934026
10820,0.06431182
10828,0.30234754
10836,0.3193784
10838,0.39374664
10845,0.77502185
10856,0.41128024
10857,0.25458243
10858,0.6960853
10861,0.5405006
10865,0.43094942
10868,0.17775851
10874,0.40262887
10875,0.34900835
